Order line,Order ID,Order Date,Ship Date,Ship Mode,Customer ID,Product ID,Units Sold,Unit Price,Unit Cost,Total Revenue,Total Cost,Total Profit
1,B-25681,11-11-2014,13-11-2014,First Class,AB-100151402,TEC-PH-5816,4484,651.21,524.96,2920025.64,2353920.64,566105
2,B-26055,05-02-2014,07-02-2014,Second Class,JR-162107,FUR-CH-5379,1075,47.45,31.79,51008.75,34174.25,16834.5
3,B-25955,17-10-2014,18-10-2014,First Class,CR-127307,TEC-PH-5356,6515,154.06,90.93,1003700.9,592408.95,411291.95
4,B-26093,28-01-2014,30-01-2014,First Class,KM-1637548,TEC-PH-5267,7683,668.27,502.54,5134318.41,3861014.82,1273303.59
5,B-25602,05-11-2014,06-11-2014,Same Day,RH-9495111,TEC-CO-6011,3491,47.45,31.79,165647.95,110978.89,54669.06
6,B-25881,28-06-2014,01-07-2014,Second Class,JM-156557,TEC-PH-5842,9880,47.45,31.79,468806,314085.2,154720.8
7,B-25696,06-11-2012,08-11-2012,First Class,TS-2134092,FUR-CH-5378,4825,154.06,90.93,743339.5,438737.25,304602.25
8,B-25687,14-04-2013,18-04-2013,Standard Class,MB-1808592,FUR-TA-3764,3330,255.28,159.42,850082.4,530868.6,319213.8
9,B-25643,11-11-2014,13-11-2014,First Class,AB-100151402,FUR-BO-5957,2431,421.89,364.69,1025614.59,886561.39,139053.2
10,B-25851,06-03-2012,07-03-2012,First Class,AB-100151404,FUR-CH-4421,6197,651.21,524.96,4035548.37,3253177.12,782371.25
11,B-25703,06-03-2012,07-03-2012,First Class,AB-100151404,OFF-AR-5309,724,205.7,117.11,148926.8,84787.64,64139.16
12,B-25887,19-04-2013,22-04-2013,First Class,AJ-107801,FUR-TA-3420,9145,255.28,159.42,2334535.6,1457895.9,876639.7
13,B-25923,26-12-2012,28-12-2012,Second Class,MM-7260110,TEC-PH-3807,6618,651.21,524.96,4309707.78,3474185.28,835522.5
14,B-25756,13-11-2013,13-11-2013,Same Day,VF-2171518,FUR-CH-4530,5338,668.27,502.54,3567225.26,2682558.52,884666.74
15,B-25761,06-06-2014,08-06-2014,Second Class,PF-1912027,OFF-AP-4959,9527,109.28,35.84,1041110.56,341447.68,699662.88
16,B-25655,31-07-2015,03-08-2015,Second Class,BP-1118545,OFF-AP-3575,441,152.58,97.44,67287.78,42971.04,24316.74
17,B-25786,19-02-2012,25-02-2012,Standard Class,AB-100151402,OFF-ST-3078,1365,47.45,31.79,64769.25,43393.35,21375.9
18,B-26095,08-09-2015,14-09-2015,Standard Class,PJ-1883564,OFF-AP-4743,2617,47.45,31.79,124176.65,83194.43,40982.22
19,B-25853,31-01-2015,01-02-2015,First Class,JS-156857,TEC-CO-3597,6545,81.73,56.67,534922.85,370905.15,164017.7
20,B-25735,05-12-2015,07-12-2015,Second Class,RH-9555129,OFF-AP-4967,2530,152.58,97.44,386027.4,246523.2,139504.2
21,B-25910,08-08-2013,10-08-2013,First Class,AB-600103,FUR-TA-4644,1983,437.2,263.33,866967.6,522183.39,344784.21
22,B-25950,06-03-2012,07-03-2012,First Class,AB-100151404,OFF-ST-3744,3345,651.21,524.96,2178297.45,1755991.2,422306.25
23,B-25744,01-05-2012,02-05-2012,First Class,JK-1532527,FUR-CH-5774,7091,152.58,97.44,1081944.78,690947.04,390997.74
24,B-25845,27-02-2014,01-03-2014,Second Class,LB-16795139,OFF-AP-4960,725,437.2,263.33,316970,190914.25,126055.75
25,B-26001,31-07-2015,01-08-2015,First Class,NP-1832582,TEC-PH-5268,3784,421.89,364.69,1596431.76,1379986.96,216444.8
26,B-25830,05-09-2015,08-09-2015,First Class,VD-2167039,FUR-TA-4643,2835,154.06,90.93,436760.1,257786.55,178973.55
27,B-25842,16-12-2012,19-12-2012,First Class,PB-19210127,FUR-TA-5060,6477,109.28,35.84,707806.56,232135.68,475670.88
28,B-25778,13-03-2012,16-03-2012,Second Class,EB-1411048,OFF-AP-4743,339,255.28,159.42,86539.92,54043.38,32496.54
29,B-25686,21-04-2012,23-04-2012,Second Class,AH-100301406,OFF-FA-6129,2083,255.28,159.42,531748.24,332071.86,199676.38
30,B-25754,24-02-2013,24-02-2013,Same Day,BP-1123058,FUR-CH-5443,6401,47.45,31.79,303727.45,203487.79,100239.66
31,B-26048,27-12-2012,29-12-2012,Second Class,RR-1952536,TEC-PH-5841,16,651.21,524.96,10419.36,8399.36,2020
32,B-25816,17-07-2013,19-07-2013,First Class,BS-1136545,TEC-MA-5503,6684,81.73,56.67,546283.32,378782.28,167501.04
33,B-26022,27-12-2013,31-12-2013,Standard Class,AH-100301404,TEC-PH-4389,2191,255.28,159.42,559318.48,349289.22,210029.26
34,B-25883,02-11-2012,04-11-2012,Second Class,DP-131057,OFF-AP-3579,9353,154.06,90.93,1440923.18,850468.29,590454.89
35,B-26003,27-12-2013,31-12-2013,Standard Class,AH-100301404,OFF-ST-4291,3020,9.33,6.92,28176.6,20898.4,7278.2
36,B-26097,13-09-2012,14-09-2012,First Class,AH-1003033,TEC-PH-3148,5072,437.2,263.33,2217478.4,1335609.76,881868.64
37,B-25710,12-05-2012,18-05-2012,Standard Class,AH-100301404,FUR-CH-4840,9420,81.73,56.67,769896.6,533831.4,236065.2
38,B-25797,30-12-2012,31-12-2012,First Class,AH-100301406,TEC-AC-6340,7005,47.45,31.79,332387.25,222688.95,109698.3
39,B-25618,14-01-2015,18-01-2015,Standard Class,PO-18865139,TEC-CO-3598,803,9.33,6.92,7491.99,5556.76,1935.23
40,B-25723,10-01-2012,11-01-2012,First Class,DL-128657,TEC-PH-5356,816,255.28,159.42,208308.48,130086.72,78221.76
41,B-25755,22-08-2014,26-08-2014,Standard Class,JB-1600059,TEC-PH-5268,9083,205.7,117.11,1868373.1,1063710.13,804662.97
42,B-25788,11-11-2015,15-11-2015,Standard Class,BF-1100558,TEC-PH-5269,4670,109.28,35.84,510337.6,167372.8,342964.8
43,B-25681,26-09-2015,28-09-2015,Second Class,VG-2180558,FUR-BO-5951,8675,109.28,35.84,948004,310912,637092
44,B-25991,13-12-2013,17-12-2013,Standard Class,GT-14710139,TEC-PH-5267,9229,437.2,263.33,4034918.8,2430272.57,1604646.23
45,B-25779,22-09-2012,24-09-2012,First Class,ZC-2191048,OFF-AP-3874,6493,668.27,502.54,4339077.11,3262992.22,1076084.89
46,B-25909,21-03-2014,26-03-2014,Second Class,AH-100301408,FUR-FU-4072,7659,205.7,117.11,1575456.3,896945.49,678510.81
47,B-25943,08-03-2014,08-03-2014,Same Day,EB-1384045,FUR-CH-5441,1950,255.28,159.42,497796,310869,186927
48,B-25935,28-08-2015,29-08-2015,First Class,AP-1091527,FUR-CH-5380,5623,255.28,159.42,1435439.44,896418.66,539020.78
49,B-25613,01-05-2015,01-05-2015,Same Day,SW-2027558,TEC-MA-5007,6962,81.73,56.67,569004.26,394536.54,174467.72
50,B-25729,18-12-2015,20-12-2015,Second Class,JH-15820141,FUR-CH-4531,1285,9.33,6.92,11989.05,8892.2,3096.85
51,B-25772,24-10-2012,27-10-2012,First Class,AH-100301404,OFF-BI-4372,5941,437.2,263.33,2597405.2,1564443.53,1032961.67
52,B-25655,18-09-2015,21-09-2015,First Class,TG-1164060,TEC-CO-3678,5310,109.28,35.84,580276.8,190310.4,389966.4
53,B-25640,30-12-2012,31-12-2012,First Class,AH-100301406,OFF-LA-3231,5802,205.7,117.11,1193471.4,679472.22,513999.18
54,B-25810,16-12-2012,19-12-2012,First Class,PB-19210127,FUR-BO-5762,861,154.06,90.93,132645.66,78290.73,54354.93
55,B-25801,18-12-2014,18-12-2014,Same Day,DG-330087,TEC-PH-5269,5959,651.21,524.96,3880560.39,3128236.64,752323.75
56,B-26085,30-05-2013,31-05-2013,First Class,SG-2047058,TEC-CO-4590,3603,421.89,364.69,1520069.67,1313978.07,206091.6
57,B-25868,21-04-2012,23-04-2012,Second Class,AH-100301406,OFF-BI-2937,8327,9.33,6.92,77690.91,57622.84,20068.07
58,B-25714,25-05-2013,28-05-2013,Second Class,GP-1474058,FUR-TA-3766,1699,81.73,56.67,138859.27,96282.33,42576.94
59,B-25784,05-08-2015,06-08-2015,First Class,MW-182207,OFF-AP-3577,7318,205.7,117.11,1505312.6,857010.98,648301.62
60,B-25608,12-05-2012,18-05-2012,Standard Class,AH-100301404,OFF-PA-4014,5814,81.73,56.67,475178.22,329479.38,145698.84
61,B-26051,11-03-2015,13-03-2015,Second Class,CS-1246011,FUR-BO-5760,9848,651.21,524.96,6413116.08,5169806.08,1243310
62,B-25900,19-12-2015,23-12-2015,Standard Class,AH-100301406,OFF-AR-3276,9112,9.33,6.92,85014.96,63055.04,21959.92
63,B-25760,11-08-2015,16-08-2015,Second Class,MS-1798048,TEC-PH-5839,5330,154.06,90.93,821139.8,484656.9,336482.9
64,B-25762,31-08-2014,03-09-2014,First Class,KC-1667548,TEC-PH-3130,7257,437.2,263.33,3172760.4,1910985.81,1261774.59
65,B-25995,18-01-2015,23-01-2015,Standard Class,DB-1340527,FUR-CH-5774,5678,152.58,97.44,866349.24,553264.32,313084.92
66,B-25965,03-01-2015,05-01-2015,First Class,AS-100451408,TEC-MA-3788,8412,81.73,56.67,687512.76,476708.04,210804.72
67,B-25967,07-12-2015,08-12-2015,First Class,DK-13090120,FUR-BO-5760,5307,651.21,524.96,3455971.47,2785962.72,670008.75
68,B-25674,16-12-2015,19-12-2015,First Class,CS-1184558,FUR-TA-3779,3243,421.89,364.69,1368189.27,1182689.67,185499.6
69,B-25929,20-11-2015,20-11-2015,Same Day,EM-1420082,TEC-PH-5839,1130,81.73,56.67,92354.9,64037.1,28317.8
70,B-25777,08-11-2012,10-11-2012,First Class,DW-3480137,FUR-TA-3771,4912,668.27,502.54,3282542.24,2468476.48,814065.76
71,B-26006,07-06-2014,09-06-2014,First Class,AS-1022527,FUR-CH-4530,2562,421.89,364.69,1080882.18,934335.78,146546.4
72,B-25697,21-11-2012,22-11-2012,First Class,ST-2053093,OFF-AP-4497,9084,109.28,35.84,992699.52,325570.56,667128.96
73,B-25667,29-03-2014,31-03-2014,Second Class,BW-106533,FUR-CH-4530,1516,255.28,159.42,387004.48,241680.72,145323.76
74,B-25836,26-08-2015,27-08-2015,First Class,LA-1678059,FUR-TA-3422,3924,47.45,31.79,186193.8,124743.96,61449.84
75,B-25984,20-09-2013,22-09-2013,Second Class,AB-10150139,TEC-PH-5355,2407,109.28,35.84,263036.96,86266.88,176770.08
76,B-25728,16-05-2015,18-05-2015,Second Class,JH-158207,TEC-PH-3147,95,437.2,263.33,41534,25016.35,16517.65
77,B-25757,02-08-2015,08-08-2015,Standard Class,AS-100451402,TEC-MA-3329,2148,9.33,6.92,20040.84,14864.16,5176.68
78,B-25957,24-11-2014,25-11-2014,First Class,BE-1141048,TEC-CO-3599,761,154.06,90.93,117239.66,69197.73,48041.93
79,B-26061,08-11-2012,10-11-2012,Second Class,SZ-2003527,TEC-CO-6010,155,81.73,56.67,12668.15,8783.85,3884.3
80,B-25735,27-10-2012,27-10-2012,Same Day,RM-1937558,FUR-CH-5380,1586,255.28,159.42,404874.08,252840.12,152033.96
81,B-25616,19-11-2015,23-11-2015,Standard Class,HG-1484545,FUR-CH-4654,8340,81.73,56.67,681628.2,472627.8,209000.4
82,B-25666,28-10-2015,30-10-2015,Second Class,DP-310586,TEC-CO-3710,735,154.06,90.93,113234.1,66833.55,46400.55
83,B-25675,26-09-2014,28-09-2014,First Class,AS-100451404,FUR-BO-3176,1118,255.28,159.42,285403.04,178231.56,107171.48
84,B-26079,05-09-2015,06-09-2015,First Class,AS-100451404,OFF-BI-3324,8871,651.21,524.96,5776883.91,4656920.16,1119963.75
85,B-25850,29-01-2014,05-02-2014,Standard Class,JB-1600048,TEC-PH-5268,5403,437.2,263.33,2362191.6,1422771.99,939419.61
86,B-25693,18-09-2013,21-09-2013,Second Class,AM-1070559,OFF-AP-4501,9158,255.28,159.42,2337854.24,1459968.36,877885.88
87,B-25852,23-11-2014,23-11-2014,Same Day,AB-25586,OFF-AP-4745,609,154.06,90.93,93822.54,55376.37,38446.17
88,B-25860,13-06-2013,13-06-2013,Same Day,RP-192707,TEC-CO-3611,7261,668.27,502.54,4852308.47,3648942.94,1203365.53
89,B-25853,28-10-2014,31-10-2014,First Class,BK-1126011,FUR-BO-4849,8650,154.06,90.93,1332619,786544.5,546074.5
90,B-25898,12-12-2014,14-12-2014,First Class,JM-1525027,TEC-CO-3678,1344,668.27,502.54,898154.88,675413.76,222741.12
91,B-26100,25-05-2013,28-05-2013,Second Class,GP-1474058,TEC-PH-5356,3941,109.28,35.84,430672.48,141245.44,289427.04
92,B-25653,04-10-2015,09-10-2015,Standard Class,AS-100451404,FUR-TA-5066,2070,255.28,159.42,528429.6,329999.4,198430.2
93,B-25839,02-12-2014,02-12-2014,Same Day,NZ-1856545,OFF-AP-4508,3394,437.2,263.33,1483856.8,893742.02,590114.78
94,B-25651,03-01-2015,05-01-2015,First Class,AS-100451408,OFF-BI-3308,2605,651.21,524.96,1696402.05,1367520.8,328881.25
95,B-25957,28-01-2014,30-01-2014,First Class,SC-20695102,FUR-CH-5443,6425,81.73,56.67,525115.25,364104.75,161010.5
96,B-25704,07-05-2013,07-05-2013,Same Day,NC-186257,FUR-TA-3422,8611,421.89,364.69,3632894.79,3140345.59,492549.2
97,B-25730,27-11-2014,29-11-2014,First Class,NF-183858,FUR-BO-4849,4947,47.45,31.79,234735.15,157265.13,77470.02
98,B-26052,28-11-2013,02-12-2013,Second Class,NZ-185657,FUR-CH-5774,8252,81.73,56.67,674435.96,467640.84,206795.12
99,B-25656,29-09-2013,29-09-2013,Same Day,PM-1894045,TEC-MA-5572,3375,47.45,31.79,160143.75,107291.25,52852.5
100,B-26033,03-09-2014,05-09-2014,Second Class,MZ-1733545,OFF-AP-4503,2194,81.73,56.67,179315.62,124333.98,54981.64
101,B-25850,26-07-2014,01-08-2014,Standard Class,HM-498033,TEC-PH-5268,8622,152.58,97.44,1315544.76,840127.68,475417.08
102,B-25945,19-11-2015,25-11-2015,Standard Class,RW-195407,TEC-PH-3806,3600,154.06,90.93,554616,327348,227268
103,B-26086,19-06-2013,19-06-2013,Same Day,LH-1715545,TEC-PH-5840,102,255.28,159.42,26038.56,16260.84,9777.72
104,B-25752,11-10-2013,14-10-2013,First Class,FH-1436582,TEC-PH-5839,8134,154.06,90.93,1253124.04,739624.62,513499.42
105,B-26098,08-08-2012,10-08-2012,First Class,KM-1666048,TEC-CO-5999,9730,437.2,263.33,4253956,2562200.9,1691755.1
106,B-26067,04-11-2012,08-11-2012,Second Class,PO-1886545,TEC-PH-3807,3960,152.58,97.44,604216.8,385862.4,218354.4
107,B-25730,26-07-2012,01-08-2012,Standard Class,AS-100451406,OFF-PA-6512,1920,205.7,117.11,394944,224851.2,170092.8
108,B-25986,26-04-2014,28-04-2014,First Class,AB-1006028,FUR-BO-3891,1742,47.45,31.79,82657.9,55378.18,27279.72
109,B-26067,26-12-2014,26-12-2014,Same Day,DB-130607,OFF-AP-3575,3585,205.7,117.11,737434.5,419839.35,317595.15
110,B-25953,13-03-2014,13-03-2014,Same Day,VM-2168591,FUR-CH-5442,4644,651.21,524.96,3024219.24,2437914.24,586305
111,B-25952,29-03-2014,01-04-2014,First Class,AS-100451408,OFF-ST-4516,4141,651.21,524.96,2696660.61,2173859.36,522801.25
112,B-25903,05-04-2013,05-04-2013,Same Day,DM-1352548,TEC-PH-3149,8330,109.28,35.84,910302.4,298547.2,611755.2
113,B-25650,26-12-2013,28-12-2013,Second Class,NM-18520120,FUR-BO-5948,5500,152.58,97.44,839190,535920,303270
114,B-25970,18-04-2014,19-04-2014,First Class,LC-168857,TEC-CO-6012,965,9.33,6.92,9003.45,6677.8,2325.65
115,B-26062,23-05-2012,25-05-2012,Second Class,RO-1978027,OFF-AP-4738,2077,205.7,117.11,427238.9,243237.47,184001.43
116,B-25643,02-08-2015,08-08-2015,Standard Class,AS-100451402,OFF-PA-6557,3213,47.45,31.79,152456.85,102141.27,50315.58
117,B-25632,16-05-2014,20-05-2014,Second Class,EM-1406548,TEC-CO-4593,785,81.73,56.67,64158.05,44485.95,19672.1
118,B-25821,03-01-2015,05-01-2015,First Class,AS-100451408,OFF-BI-3185,8237,421.89,364.69,3475107.93,3003951.53,471156.4
119,B-25878,16-02-2012,19-02-2012,Second Class,ON-1871545,FUR-CH-5774,1040,421.89,364.69,438765.6,379277.6,59488
120,B-25752,31-05-2014,02-06-2014,First Class,VS-2182027,FUR-BO-3639,1701,81.73,56.67,139022.73,96395.67,42627.06
121,B-25750,01-10-2014,02-10-2014,First Class,CM-121157,TEC-CO-4790,4755,668.27,502.54,3177623.85,2389577.7,788046.15
122,B-25657,07-11-2015,14-11-2015,Standard Class,AB-100601404,FUR-TA-4622,1770,421.89,364.69,746745.3,645501.3,101244
123,B-25787,02-09-2014,04-09-2014,First Class,AB-100601406,OFF-BI-4340,6344,109.28,35.84,693272.32,227368.96,465903.36
124,B-25808,11-12-2014,14-12-2014,Second Class,JK-153257,TEC-CO-3709,9108,437.2,263.33,3982017.6,2398409.64,1583607.96
125,B-25885,18-03-2015,21-03-2015,Second Class,RP-1927045,TEC-CO-5998,2722,437.2,263.33,1190058.4,716784.26,473274.14
126,B-25778,19-12-2015,20-12-2015,First Class,DW-1354078,TEC-PH-3806,6878,154.06,90.93,1059624.68,625416.54,434208.14
127,B-25759,07-11-2015,14-11-2015,Standard Class,AB-100601404,FUR-CH-4613,3301,205.7,117.11,679015.7,386580.11,292435.59
128,B-25747,14-03-2014,19-03-2014,Standard Class,AB-100601408,OFF-AP-4221,746,668.27,502.54,498529.42,374894.84,123634.58
129,B-25878,07-11-2015,14-11-2015,Standard Class,AB-100601404,TEC-AC-5858,9997,154.06,90.93,1540137.82,909027.21,631110.61
130,B-25603,18-09-2015,18-09-2015,Same Day,GM-1444037,TEC-CO-3587,8874,154.06,90.93,1367128.44,806912.82,560215.62
131,B-25691,25-11-2014,27-11-2014,First Class,SV-2081558,TEC-CO-4577,7224,668.27,502.54,4827582.48,3630348.96,1197233.52
132,B-25607,07-11-2014,10-11-2014,First Class,MM-1792027,TEC-AC-3405,1927,651.21,524.96,1254881.67,1011597.92,243283.75
133,B-25708,19-07-2015,23-07-2015,Standard Class,JK-1612059,FUR-BO-5761,1895,651.21,524.96,1234042.95,994799.2,239243.75
134,B-26021,16-08-2013,16-08-2013,Same Day,EM-14200130,TEC-PH-5268,3069,668.27,502.54,2050920.63,1542295.26,508625.37
135,B-25831,06-11-2015,08-11-2015,First Class,AB-100601402,OFF-PA-6214,3424,152.58,97.44,522433.92,333634.56,188799.36
136,B-25850,10-01-2013,14-01-2013,Standard Class,PM-1894059,FUR-BO-5787,7964,668.27,502.54,5322102.28,4002228.56,1319873.72
137,B-25670,28-01-2014,30-01-2014,First Class,AT-1043582,OFF-AP-4736,3726,668.27,502.54,2489974.02,1872464.04,617509.98
138,B-25852,14-06-2013,17-06-2013,First Class,AB-1001527,TEC-MA-6150,4776,81.73,56.67,390342.48,270655.92,119686.56
139,B-26029,06-11-2015,08-11-2015,First Class,AB-100601402,OFF-FA-6129,7214,668.27,502.54,4820899.78,3625323.56,1195576.22
140,B-25959,02-09-2014,04-09-2014,First Class,AB-100601406,OFF-PA-6430,4170,421.89,364.69,1759281.3,1520757.3,238524
141,B-25676,06-12-2013,08-12-2013,First Class,PV-1898518,TEC-AC-5223,804,9.33,6.92,7501.32,5563.68,1937.64
142,B-26097,05-09-2014,07-09-2014,Second Class,SB-2029064,TEC-CO-4590,9308,9.33,6.92,86843.64,64411.36,22432.28
143,B-25888,18-09-2015,20-09-2015,First Class,SM-10005116,TEC-PH-5839,3908,421.89,364.69,1648746.12,1425208.52,223537.6
144,B-25911,02-09-2014,04-09-2014,First Class,AB-100601406,OFF-PA-6430,5856,154.06,90.93,902175.36,532486.08,369689.28
145,B-25662,03-08-2013,08-08-2013,Standard Class,KH-1633059,OFF-AP-4960,8440,651.21,524.96,5496212.4,4430662.4,1065550
146,B-25950,09-12-2015,11-12-2015,First Class,MP-181757,TEC-PH-3149,1978,47.45,31.79,93856.1,62880.62,30975.48
147,B-25847,25-10-2013,28-10-2013,First Class,LH-1702027,TEC-CO-3597,8816,81.73,56.67,720531.68,499602.72,220928.96
148,B-25796,08-05-2015,13-05-2015,Standard Class,AB-100601404,TEC-AC-5109,8336,437.2,263.33,3644499.2,2195118.88,1449380.32
149,B-25693,27-08-2014,29-08-2014,Second Class,CR-126257,FUR-BO-5763,1949,154.06,90.93,300262.94,177222.57,123040.37
150,B-25993,12-05-2012,16-05-2012,Standard Class,NC-1862511,TEC-AC-3403,8097,152.58,97.44,1235440.26,788971.68,446468.58
151,B-26052,02-11-2012,05-11-2012,First Class,GM-1468091,OFF-AP-4745,7253,255.28,159.42,1851545.84,1156273.26,695272.58
152,B-25930,02-08-2015,03-08-2015,First Class,RA-1994545,FUR-BO-3624,6922,154.06,90.93,1066403.32,629417.46,436985.86
153,B-25785,19-09-2012,21-09-2012,Second Class,DB-1306048,TEC-CO-4789,6641,154.06,90.93,1023112.46,603866.13,419246.33
154,B-26093,14-03-2014,19-03-2014,Standard Class,AB-100601408,FUR-FU-4762,2978,437.2,263.33,1301981.6,784196.74,517784.86
155,B-26053,11-03-2014,15-03-2014,Standard Class,RF-197357,TEC-PH-5268,4529,255.28,159.42,1156163.12,722013.18,434149.94
156,B-26019,01-02-2013,04-02-2013,First Class,JH-1582048,TEC-PH-3806,6927,205.7,117.11,1424883.9,811220.97,613662.93
157,B-26070,14-03-2014,19-03-2014,Standard Class,AB-100601408,OFF-BI-4819,7831,651.21,524.96,5099625.51,4110961.76,988663.75
158,B-25870,09-04-2015,13-04-2015,Standard Class,DM-1295551,FUR-TA-5064,1934,205.7,117.11,397823.8,226490.74,171333.06
159,B-25855,30-08-2014,04-09-2014,Standard Class,AB-100601406,OFF-SU-2972,5959,152.58,97.44,909224.22,580644.96,328579.26
160,B-25602,19-03-2015,21-03-2015,First Class,BE-1133582,OFF-AP-4745,3662,81.73,56.67,299295.26,207525.54,91769.72
161,B-25728,02-10-2014,04-10-2014,First Class,SO-2033527,OFF-AP-4502,829,205.7,117.11,170525.3,97084.19,73441.11
162,B-25803,12-01-2014,15-01-2014,First Class,DK-12835120,OFF-AP-4507,277,47.45,31.79,13143.65,8805.83,4337.82
163,B-25996,20-08-2015,25-08-2015,Standard Class,LC-7050110,TEC-PH-3806,6854,109.28,35.84,749005.12,245647.36,503357.76
164,B-26078,16-12-2012,19-12-2012,First Class,PB-19210127,FUR-TA-5065,2441,205.7,117.11,502113.7,285865.51,216248.19
165,B-25803,14-03-2015,18-03-2015,Standard Class,CG-125207,OFF-AP-4745,949,154.06,90.93,146202.94,86292.57,59910.37
166,B-25682,18-09-2013,24-09-2013,Standard Class,AB-100601404,OFF-PA-6420,3319,47.45,31.79,157486.55,105511.01,51975.54
167,B-25749,09-07-2015,13-07-2015,Standard Class,HG-1502559,FUR-BO-5787,2527,47.45,31.79,119906.15,80333.33,39572.82
168,B-25962,11-06-2014,15-06-2014,Standard Class,AD-1018059,FUR-CH-4532,8576,152.58,97.44,1308526.08,835645.44,472880.64
169,B-25899,09-08-2012,16-08-2012,Standard Class,BP-11155139,TEC-PH-3805,3503,421.89,364.69,1477880.67,1277509.07,200371.6
170,B-25845,17-03-2015,21-03-2015,Standard Class,AA-10480130,TEC-PH-5840,6374,437.2,263.33,2786712.8,1678465.42,1108247.38
171,B-25951,02-01-2014,03-01-2014,First Class,RL-196157,FUR-BO-3639,8290,81.73,56.67,677541.7,469794.3,207747.4
172,B-25828,02-09-2014,04-09-2014,First Class,AB-100601406,OFF-BI-2911,7379,47.45,31.79,350133.55,234578.41,115555.14
173,B-25803,10-10-2013,11-10-2013,First Class,SW-2024559,TEC-PH-5840,3803,109.28,35.84,415591.84,136299.52,279292.32
174,B-25656,02-09-2014,04-09-2014,First Class,AB-100601406,TEC-AC-5744,4754,47.45,31.79,225577.3,151129.66,74447.64
175,B-25681,16-06-2012,18-06-2012,First Class,BW-1111027,FUR-TA-3420,9456,255.28,159.42,2413927.68,1507475.52,906452.16
176,B-25658,03-04-2015,05-04-2015,First Class,YC-21895139,FUR-BO-3639,4163,668.27,502.54,2782008.01,2092074.02,689933.99
177,B-25698,16-05-2012,19-05-2012,Second Class,JM-1558082,TEC-PH-5355,7163,9.33,6.92,66830.79,49567.96,17262.83
178,B-25832,11-02-2015,15-02-2015,Second Class,MZ-733513,FUR-CH-4654,3771,651.21,524.96,2455712.91,1979624.16,476088.75
179,B-25886,12-10-2014,12-10-2014,Same Day,JF-15295120,TEC-AC-4185,1337,9.33,6.92,12474.21,9252.04,3222.17
180,B-25897,17-09-2015,22-09-2015,Standard Class,AB-100601406,OFF-PA-6596,4241,9.33,6.92,39568.53,29347.72,10220.81
181,B-25873,17-07-2015,19-07-2015,Second Class,DJ-3510137,OFF-AP-4738,8894,651.21,524.96,5791861.74,4668994.24,1122867.5
182,B-25858,22-11-2015,28-11-2015,Standard Class,MF-1825045,TEC-MA-4205,8738,47.45,31.79,414618.1,277781.02,136837.08
183,B-25867,29-05-2012,01-06-2012,First Class,TC-2129545,FUR-TA-4642,9246,109.28,35.84,1010402.88,331376.64,679026.24
184,B-25633,06-11-2015,08-11-2015,First Class,AB-100601402,OFF-PA-3114,2925,47.45,31.79,138791.25,92985.75,45805.5
185,B-25609,17-07-2015,20-07-2015,First Class,CP-1234058,OFF-AP-4502,4309,9.33,6.92,40202.97,29818.28,10384.69
186,B-25896,29-08-2015,03-09-2015,Standard Class,EH-1412545,TEC-PH-3148,4966,81.73,56.67,405871.18,281423.22,124447.96
187,B-26000,26-12-2013,26-12-2013,Same Day,NC-183407,FUR-TA-5054,8496,81.73,56.67,694378.08,481468.32,212909.76
188,B-25959,11-11-2015,15-11-2015,Standard Class,BF-1100558,OFF-AP-3577,5527,47.45,31.79,262256.15,175703.33,86552.82
189,B-25940,01-05-2014,04-05-2014,Second Class,JS-1603059,FUR-TA-5072,8721,205.7,117.11,1793909.7,1021316.31,772593.39
190,B-26087,15-08-2012,20-08-2012,Standard Class,AM-10360139,TEC-PH-5354,7770,668.27,502.54,5192457.9,3904735.8,1287722.1
191,B-26055,03-12-2015,07-12-2015,Standard Class,JF-1519021,FUR-TA-4706,4398,47.45,31.79,208685.1,139812.42,68872.68
192,B-25980,25-06-2014,29-06-2014,Standard Class,AB-100157,FUR-CH-4654,7360,154.06,90.93,1133881.6,669244.8,464636.8
193,B-25653,21-01-2014,24-01-2014,Second Class,JG-15160139,FUR-TA-3344,7442,205.7,117.11,1530819.4,871532.62,659286.78
194,B-26052,24-10-2015,25-10-2015,First Class,AH-100751406,FUR-TA-5421,2461,154.06,90.93,379141.66,223778.73,155362.93
195,B-25877,12-07-2015,14-07-2015,Second Class,AG-1033059,OFF-AP-3574,2266,437.2,263.33,990695.2,596705.78,393989.42
196,B-25608,24-10-2015,25-10-2015,First Class,AH-100751406,FUR-FU-3936,3736,81.73,56.67,305343.28,211719.12,93624.16
197,B-25897,01-09-2015,01-09-2015,Same Day,NF-1847548,OFF-AP-3581,5784,421.89,364.69,2440211.76,2109366.96,330844.8
198,B-25881,24-10-2015,25-10-2015,First Class,AH-100751406,FUR-TA-4943,4351,47.45,31.79,206454.95,138318.29,68136.66
199,B-25905,06-06-2012,10-06-2012,Second Class,DR-129407,OFF-AP-4966,7411,154.06,90.93,1141738.66,673882.23,467856.43
200,B-25818,12-10-2012,12-10-2012,Same Day,NB-1865548,OFF-ST-6049,9969,109.28,35.84,1089412.32,357288.96,732123.36
201,B-25835,10-06-2014,10-06-2014,Same Day,NM-1844527,TEC-CO-5991,9061,81.73,56.67,740555.53,513486.87,227068.66
202,B-26081,13-12-2015,17-12-2015,Standard Class,TA-213857,OFF-AP-4508,8754,421.89,364.69,3693225.06,3192496.26,500728.8
203,B-25730,16-09-2014,21-09-2014,Standard Class,AH-100751406,OFF-BI-4338,5147,152.58,97.44,785329.26,501523.68,283805.58
204,B-25837,10-06-2015,11-06-2015,First Class,SC-20380102,OFF-AP-3580,1370,205.7,117.11,281809,160440.7,121368.3
205,B-25893,15-02-2012,16-02-2012,First Class,PA-9060117,OFF-ST-6047,2584,421.89,364.69,1090163.76,942358.96,147804.8
206,B-25689,28-11-2014,04-12-2014,Standard Class,RB-19570120,FUR-BO-5760,981,154.06,90.93,151132.86,89202.33,61930.53
207,B-26028,27-06-2014,27-06-2014,Same Day,AH-100751404,OFF-SU-5635,785,109.28,35.84,85784.8,28134.4,57650.4
208,B-26081,16-04-2015,19-04-2015,First Class,AH-100751404,FUR-FU-4756,3252,152.58,97.44,496190.16,316874.88,179315.28
209,B-25903,08-08-2012,08-08-2012,Same Day,LH-1675036,TEC-PH-5839,1666,651.21,524.96,1084915.86,874583.36,210332.5
210,B-25651,18-12-2014,22-12-2014,Standard Class,AH-100751402,TEC-AC-6351,6346,109.28,35.84,693490.88,227440.64,466050.24
211,B-25903,02-08-2013,04-08-2013,First Class,KB-1658527,TEC-CO-3608,9639,154.06,90.93,1484984.34,876474.27,608510.07
212,B-26086,19-06-2013,19-06-2013,Same Day,LH-1715545,OFF-AP-4507,927,205.7,117.11,190683.9,108560.97,82122.93
213,B-25654,07-04-2015,12-04-2015,Standard Class,AH-1007523,OFF-ST-4257,1620,668.27,502.54,1082597.4,814114.8,268482.6
214,B-25720,02-08-2014,02-08-2014,Same Day,MZ-751560,TEC-MA-4210,160,152.58,97.44,24412.8,15590.4,8822.4
215,B-26057,22-05-2015,25-05-2015,Second Class,DM-1334558,OFF-ST-4266,7021,152.58,97.44,1071264.18,684126.24,387137.94
216,B-25798,10-02-2012,15-02-2012,Standard Class,CA-1196566,TEC-PH-5841,9708,9.33,6.92,90575.64,67179.36,23396.28
217,B-25961,27-09-2014,27-09-2014,Same Day,SC-20305120,FUR-BO-3903,7758,421.89,364.69,3273022.62,2829265.02,443757.6
218,B-25701,02-06-2015,04-06-2015,First Class,MH-1811558,FUR-BO-4862,7736,152.58,97.44,1180358.88,753795.84,426563.04
219,B-26055,30-09-2014,03-10-2014,First Class,KS-163007,FUR-BO-3640,8243,651.21,524.96,5367924.03,4327245.28,1040678.75
220,B-25653,18-07-2012,19-07-2012,First Class,BG-1174078,TEC-PH-5356,4908,421.89,364.69,2070636.12,1789898.52,280737.6
221,B-25670,14-08-2015,16-08-2015,Second Class,CR-2625108,FUR-BO-5950,5392,255.28,159.42,1376469.76,859592.64,516877.12
222,B-26056,24-10-2015,25-10-2015,First Class,AH-100751406,FUR-FU-4022,4387,255.28,159.42,1119913.36,699375.54,420537.82
223,B-26061,31-10-2015,03-11-2015,First Class,DK-1309027,TEC-CO-3611,8618,154.06,90.93,1327689.08,783634.74,544054.34
224,B-25602,25-07-2014,30-07-2014,Standard Class,JL-1583527,TEC-PH-3806,1839,47.45,31.79,87260.55,58461.81,28798.74
225,B-26016,07-10-2015,11-10-2015,Standard Class,AP-1072058,TEC-PH-5269,9836,651.21,524.96,6405301.56,5163506.56,1241795
226,B-25873,17-10-2015,21-10-2015,Standard Class,CR-1282058,TEC-PH-5356,5426,421.89,364.69,2289175.14,1978807.94,310367.2
227,B-25761,03-12-2014,06-12-2014,Second Class,BF-110807,FUR-CH-4531,3458,152.58,97.44,527621.64,336947.52,190674.12
228,B-25819,08-11-2015,10-11-2015,First Class,JM-15265102,OFF-AP-3571,5813,152.58,97.44,886947.54,566418.72,320528.82
229,B-25853,10-06-2014,10-06-2014,Same Day,NM-1844527,FUR-CH-5378,6401,255.28,159.42,1634047.28,1020447.42,613599.86
230,B-25662,20-09-2012,22-09-2012,Second Class,TW-2102545,FUR-BO-5760,6164,668.27,502.54,4119216.28,3097656.56,1021559.72
231,B-25993,20-06-2012,23-06-2012,First Class,RB-1933045,FUR-CH-4530,8076,205.7,117.11,1661233.2,945780.36,715452.84
232,B-25703,26-09-2015,29-09-2015,First Class,AH-100751406,OFF-SU-3839,2143,421.89,364.69,904110.27,781530.67,122579.6
233,B-25848,20-05-2015,25-05-2015,Second Class,AH-100751408,FUR-CH-5429,400,47.45,31.79,18980,12716,6264
234,B-25678,26-11-2015,29-11-2015,Second Class,AB-10060117,OFF-AP-4732,1914,81.73,56.67,156431.22,108466.38,47964.84
235,B-25925,30-03-2013,01-04-2013,First Class,JR-567038,TEC-PH-5355,7785,154.06,90.93,1199357.1,707890.05,491467.05
236,B-25977,09-11-2012,14-11-2012,Second Class,MD-1735028,OFF-AP-4962,6142,205.7,117.11,1263409.4,719289.62,544119.78
237,B-25797,24-10-2015,25-10-2015,First Class,AH-100751406,OFF-PA-6415,7146,421.89,364.69,3014825.94,2606074.74,408751.2
238,B-26067,01-08-2013,06-08-2013,Second Class,EB-13840139,OFF-AP-4743,7989,81.73,56.67,652940.97,452736.63,200204.34
239,B-25810,18-12-2014,22-12-2014,Standard Class,AH-100751402,OFF-PA-6577,7896,109.28,35.84,862874.88,282992.64,579882.24
240,B-25648,27-06-2014,27-06-2014,Same Day,AH-100751404,OFF-FA-5459,3121,109.28,35.84,341062.88,111856.64,229206.24
241,B-25933,27-06-2014,27-06-2014,Same Day,AH-100751404,OFF-PA-3115,1950,47.45,31.79,92527.5,61990.5,30537
242,B-25942,23-01-2014,27-01-2014,Standard Class,JL-58359,FUR-TA-3358,9701,152.58,97.44,1480178.58,945265.44,534913.14
243,B-25656,20-05-2012,24-05-2012,Second Class,EP-1391559,FUR-BO-5967,3723,668.27,502.54,2487969.21,1870956.42,617012.79
244,B-26067,28-09-2015,01-10-2015,First Class,MS-17770139,FUR-BO-3626,8394,109.28,35.84,917296.32,300840.96,616455.36
245,B-25673,05-11-2012,07-11-2012,First Class,CM-1265545,TEC-MA-5007,127,154.06,90.93,19565.62,11548.11,8017.51
246,B-25797,28-01-2015,30-01-2015,Second Class,JC-610575,FUR-TA-3345,2363,421.89,364.69,996926.07,861762.47,135163.6
247,B-26098,13-09-2015,19-09-2015,Standard Class,GB-145307,TEC-CO-4593,577,437.2,263.33,252264.4,151941.41,100322.99
248,B-25656,27-11-2015,01-12-2015,Standard Class,AH-100751408,OFF-AR-5327,7273,651.21,524.96,4736250.33,3818034.08,918216.25
249,B-25791,21-12-2012,23-12-2012,First Class,JH-161805,TEC-PH-3149,6987,255.28,159.42,1783641.36,1113867.54,669773.82
250,B-26053,05-02-2014,07-02-2014,Second Class,MT-807038,FUR-BO-5951,1287,152.58,97.44,196370.46,125405.28,70965.18
251,B-25983,27-12-2012,28-12-2012,First Class,AB-1010558,TEC-CO-6010,3772,421.89,364.69,1591369.08,1375610.68,215758.4
252,B-25743,24-10-2015,25-10-2015,First Class,AH-100751406,OFF-AP-4739,5071,152.58,97.44,773733.18,494118.24,279614.94
253,B-25867,26-04-2012,29-04-2012,First Class,CV-280572,TEC-PH-5354,7845,437.2,263.33,3429834,2065823.85,1364010.15
254,B-25973,05-10-2012,10-10-2012,Standard Class,NH-1861092,FUR-TA-4645,1786,437.2,263.33,780839.2,470307.38,310531.82
255,B-25895,24-08-2014,26-08-2014,Second Class,HJ-1487527,FUR-TA-5065,8619,255.28,159.42,2200258.32,1374040.98,826217.34
256,B-26003,21-09-2014,24-09-2014,Second Class,JL-1517518,FUR-CH-5776,7099,9.33,6.92,66233.67,49125.08,17108.59
257,B-25717,17-12-2015,19-12-2015,First Class,MY-1829593,OFF-AP-4505,8011,255.28,159.42,2045048.08,1277113.62,767934.46
258,B-26064,15-11-2012,21-11-2012,Standard Class,AH-100751404,OFF-LA-5591,9172,421.89,364.69,3869575.08,3344936.68,524638.4
259,B-25630,21-12-2013,23-12-2013,Second Class,AH-100751406,OFF-AR-5458,432,109.28,35.84,47208.96,15482.88,31726.08
260,B-26050,26-09-2015,29-09-2015,First Class,AH-100751406,OFF-BI-3301,8671,47.45,31.79,411438.95,275651.09,135787.86
261,B-25786,03-06-2015,07-06-2015,Standard Class,KC-1654093,OFF-AP-4507,2798,109.28,35.84,305765.44,100280.32,205485.12
262,B-26035,12-09-2015,14-09-2015,First Class,CS-1246093,TEC-PH-5354,8758,9.33,6.92,81712.14,60605.36,21106.78
263,B-25693,17-04-2015,17-04-2015,Same Day,HA-1492027,TEC-PH-3148,4523,205.7,117.11,930381.1,529688.53,400692.57
264,B-25703,21-11-2013,24-11-2013,Second Class,MT-1781545,TEC-MA-5017,5098,255.28,159.42,1301417.44,812723.16,488694.28
265,B-25966,06-03-2015,08-03-2015,First Class,FW-1439545,FUR-BO-3627,7520,668.27,502.54,5025390.4,3779100.8,1246289.6
266,B-26060,23-07-2013,28-07-2013,Standard Class,BH-1171048,TEC-PH-3807,5856,81.73,56.67,478610.88,331859.52,146751.36
267,B-25898,07-11-2015,09-11-2015,First Class,DK-1289559,OFF-AP-4964,6204,205.7,117.11,1276162.8,726550.44,549612.36
268,B-25686,22-11-2015,24-11-2015,First Class,KD-1627018,FUR-CH-4544,1695,152.58,97.44,258623.1,165160.8,93462.3
269,B-26051,10-06-2012,13-06-2012,First Class,SC-208458,FUR-BO-4848,7489,152.58,97.44,1142671.62,729728.16,412943.46
270,B-25854,14-09-2013,19-09-2013,Standard Class,CY-1274582,TEC-CO-6010,5779,81.73,56.67,472317.67,327495.93,144821.74
271,B-26050,24-11-2012,24-11-2012,Same Day,HL-150407,TEC-CO-3596,788,205.7,117.11,162091.6,92282.68,69808.92
272,B-25961,10-08-2013,12-08-2013,First Class,CT-1199566,TEC-CO-4591,3772,421.89,364.69,1591369.08,1375610.68,215758.4
273,B-25701,20-03-2014,23-03-2014,Second Class,CC-12370139,OFF-AP-3573,8016,668.27,502.54,5356852.32,4028360.64,1328491.68
274,B-25970,30-12-2014,04-01-2015,Standard Class,GR-456072,TEC-CO-3688,3839,668.27,502.54,2565488.53,1929251.06,636237.47
275,B-25933,04-10-2013,09-10-2013,Standard Class,TT-2107058,FUR-CH-4656,3587,9.33,6.92,33466.71,24822.04,8644.67
276,B-26081,06-08-2013,07-08-2013,First Class,PO-19195120,TEC-PH-3146,6643,9.33,6.92,61979.19,45969.56,16009.63
277,B-25650,02-10-2013,02-10-2013,Same Day,ED-13885144,FUR-CH-4530,4415,9.33,6.92,41191.95,30551.8,10640.15
278,B-25850,26-03-2015,29-03-2015,First Class,AP-1091559,OFF-AP-4966,5348,255.28,159.42,1365237.44,852578.16,512659.28
279,B-25643,21-11-2015,21-11-2015,Same Day,TM-2149031,TEC-CO-3597,9914,152.58,97.44,1512678.12,966020.16,546657.96
280,B-26100,29-11-2012,30-11-2012,First Class,AW-1084091,TEC-CO-4792,5619,154.06,90.93,865663.14,510935.67,354727.47
281,B-25964,02-11-2012,04-11-2012,Second Class,DP-131057,FUR-CH-4530,1999,152.58,97.44,305007.42,194782.56,110224.86
282,B-25676,20-05-2015,25-05-2015,Second Class,AH-100751408,OFF-PA-6504,5620,668.27,502.54,3755677.4,2824274.8,931402.6
283,B-25628,06-12-2013,06-12-2013,Same Day,SG-10605107,TEC-CO-4571,5082,255.28,159.42,1297332.96,810172.44,487160.52
284,B-25891,03-12-2014,04-12-2014,First Class,BM-1178582,TEC-PH-5839,6014,255.28,159.42,1535253.92,958751.88,576502.04
285,B-25903,20-12-2013,24-12-2013,Standard Class,FH-1436582,TEC-PH-3806,6078,668.27,502.54,4061745.06,3054438.12,1007306.94
286,B-25851,13-09-2013,15-09-2013,Second Class,DK-1337582,TEC-PH-3148,9966,205.7,117.11,2050006.2,1167118.26,882887.94
287,B-26089,17-09-2015,19-09-2015,First Class,AS-100901406,OFF-BI-4343,4402,255.28,159.42,1123742.56,701766.84,421975.72
288,B-25996,21-09-2012,28-09-2012,Standard Class,AS-100901406,FUR-CH-5430,3140,651.21,524.96,2044799.4,1648374.4,396425
289,B-25881,09-11-2013,13-11-2013,Standard Class,AS-100901402,FUR-TA-3427,1967,47.45,31.79,93334.15,62530.93,30803.22
290,B-25621,23-05-2013,26-05-2013,First Class,SF-10200134,TEC-PH-5815,3700,154.06,90.93,570022,336441,233581
291,B-25727,22-06-2014,27-06-2014,Standard Class,AS-100901406,FUR-BO-5529,3188,205.7,117.11,655771.6,373346.68,282424.92
292,B-25843,14-04-2015,17-04-2015,Second Class,JW-5220111,TEC-PH-3805,2310,109.28,35.84,252436.8,82790.4,169646.4
293,B-26050,29-08-2015,02-09-2015,Standard Class,CC-1210082,TEC-PH-5268,4978,152.58,97.44,759543.24,485056.32,274486.92
294,B-25741,16-05-2015,18-05-2015,Second Class,RD-1993092,OFF-AP-4961,2133,668.27,502.54,1425419.91,1071917.82,353502.09
295,B-25756,13-12-2013,15-12-2013,First Class,BP-123022,OFF-AP-4733,6751,651.21,524.96,4396318.71,3544004.96,852313.75
296,B-25787,30-03-2012,03-04-2012,Standard Class,SA-20830139,FUR-BO-5950,8835,154.06,90.93,1361120.1,803366.55,557753.55
297,B-25603,03-02-2013,07-02-2013,Second Class,EM-1381058,FUR-BO-5762,422,81.73,56.67,34490.06,23914.74,10575.32
298,B-25655,29-05-2014,01-06-2014,Second Class,CS-12175130,TEC-PH-5356,579,9.33,6.92,5402.07,4006.68,1395.39
299,B-26096,29-08-2013,01-09-2013,First Class,JD-16060120,OFF-ST-5691,405,437.2,263.33,177066,106648.65,70417.35
300,B-25962,14-06-2012,16-06-2012,First Class,GH-1466527,FUR-CH-5412,8029,651.21,524.96,5228565.09,4214903.84,1013661.25
301,B-26007,28-08-2015,31-08-2015,First Class,CM-1193527,OFF-AP-3578,3613,421.89,364.69,1524288.57,1317624.97,206663.6
302,B-26088,26-10-2012,27-10-2012,First Class,JB-1600093,TEC-PH-5839,4349,651.21,524.96,2832112.29,2283051.04,549061.25
303,B-25673,19-03-2015,23-03-2015,Second Class,RB-9465108,TEC-PH-5268,9461,109.28,35.84,1033898.08,339082.24,694815.84
304,B-25664,11-09-2015,18-09-2015,Standard Class,RB-1979518,FUR-TA-3763,5204,255.28,159.42,1328477.12,829621.68,498855.44
305,B-25642,28-08-2013,28-08-2013,Same Day,PO-191957,FUR-BO-5762,9863,109.28,35.84,1077828.64,353489.92,724338.72
306,B-25987,17-09-2015,19-09-2015,First Class,AS-100901406,TEC-AC-5138,8757,154.06,90.93,1349103.42,796274.01,552829.41
307,B-25903,01-08-2014,04-08-2014,Second Class,TS-212057,FUR-TA-5053,9233,437.2,263.33,4036667.6,2431325.89,1605341.71
308,B-25770,22-06-2014,27-06-2014,Standard Class,AS-100901406,OFF-BI-5638,5672,421.89,364.69,2392960.08,2068521.68,324438.4
309,B-25840,24-12-2015,27-12-2015,First Class,MV-8190117,TEC-PH-3148,4485,421.89,364.69,1892176.65,1635634.65,256542
310,B-25846,17-09-2015,19-09-2015,First Class,AS-100901406,TEC-AC-5094,9114,9.33,6.92,85033.62,63068.88,21964.74
311,B-25745,22-02-2013,25-02-2013,First Class,BD-11560139,FUR-CH-4655,5033,109.28,35.84,550006.24,180382.72,369623.52
312,B-26073,11-10-2015,13-10-2015,Second Class,PS-1876059,FUR-BO-3648,4747,205.7,117.11,976457.9,555921.17,420536.73
313,B-26030,21-04-2015,23-04-2015,Second Class,FM-1421551,TEC-CO-4577,2791,255.28,159.42,712486.48,444941.22,267545.26
314,B-25678,12-06-2014,17-06-2014,Standard Class,CA-1277558,TEC-PH-3149,734,154.06,90.93,113080.04,66742.62,46337.42
315,B-26035,17-09-2014,20-09-2014,First Class,CD-1279048,FUR-BO-5969,2173,109.28,35.84,237465.44,77880.32,159585.12
316,B-25896,19-09-2015,19-09-2015,Same Day,NL-1831092,OFF-ST-6046,7739,47.45,31.79,367215.55,246022.81,121192.74
317,B-25989,26-11-2015,03-12-2015,Standard Class,TB-2105545,OFF-AP-4502,93,651.21,524.96,60562.53,48821.28,11741.25
318,B-26016,01-09-2015,01-09-2015,Same Day,NF-1847548,TEC-CO-3595,8928,109.28,35.84,975651.84,319979.52,655672.32
319,B-26009,20-06-2015,26-06-2015,Standard Class,KD-1649527,FUR-BO-3627,5966,9.33,6.92,55662.78,41284.72,14378.06
320,B-25915,23-10-2015,25-10-2015,First Class,EH-412557,OFF-ST-5702,9963,154.06,90.93,1534899.78,905935.59,628964.19
321,B-25845,15-08-2012,19-08-2012,Standard Class,KB-1660058,FUR-BO-3639,1705,205.7,117.11,350718.5,199672.55,151045.95
322,B-25645,12-09-2015,14-09-2015,First Class,CS-1246093,TEC-PH-5841,9009,47.45,31.79,427477.05,286396.11,141080.94
323,B-25803,02-04-2015,05-04-2015,Second Class,AS-100901402,OFF-ST-4516,1724,81.73,56.67,140902.52,97699.08,43203.44
324,B-26030,14-01-2015,16-01-2015,First Class,MG-1769564,TEC-CO-6012,6730,651.21,524.96,4382643.3,3532980.8,849662.5
325,B-25955,13-11-2015,15-11-2015,Second Class,VF-21715102,FUR-CH-5380,2938,437.2,263.33,1284493.6,773663.54,510830.06
326,B-26096,13-06-2014,13-06-2014,Same Day,AM-1070559,TEC-CO-4568,6290,152.58,97.44,959728.2,612897.6,346830.6
327,B-25635,17-09-2015,19-09-2015,First Class,AS-100901406,FUR-FU-4050,4760,255.28,159.42,1215132.8,758839.2,456293.6
328,B-26038,22-09-2015,25-09-2015,Second Class,BP-11290113,TEC-CO-4588,3353,421.89,364.69,1414597.17,1222805.57,191791.6
329,B-25791,08-01-2012,13-01-2012,Standard Class,HZ-49504,FUR-BO-4850,9105,47.45,31.79,432032.25,289447.95,142584.3
330,B-26014,21-09-2012,28-09-2012,Standard Class,AS-100901406,FUR-FU-3844,6083,152.58,97.44,928144.14,592727.52,335416.62
331,B-25751,30-07-2014,30-07-2014,Same Day,EM-1382566,TEC-CO-4578,387,81.73,56.67,31629.51,21931.29,9698.22
332,B-25962,03-12-2015,06-12-2015,First Class,AS-100901408,OFF-AR-5285,5145,109.28,35.84,562245.6,184396.8,377848.8
333,B-26025,30-04-2015,04-05-2015,Standard Class,BS-1180059,OFF-AP-4504,5519,651.21,524.96,3594027.99,2897254.24,696773.75
334,B-26048,27-09-2012,29-09-2012,Second Class,DV-1346539,FUR-BO-5951,3701,205.7,117.11,761295.7,433424.11,327871.59
335,B-25635,24-06-2015,28-06-2015,Standard Class,MB-173057,FUR-BO-5948,3916,668.27,502.54,2616945.32,1967946.64,648998.68
336,B-25981,05-04-2012,07-04-2012,First Class,PC-19000120,OFF-ST-5700,7417,154.06,90.93,1142663.02,674427.81,468235.21
337,B-25610,07-08-2015,09-08-2015,Second Class,CA-1231045,TEC-PH-5355,7492,205.7,117.11,1541104.4,877388.12,663716.28
338,B-25733,02-04-2015,05-04-2015,Second Class,AS-100901402,OFF-FA-6129,4457,152.58,97.44,680049.06,434290.08,245758.98
339,B-25977,14-02-2015,16-02-2015,First Class,MB-1808545,OFF-ST-6261,660,651.21,524.96,429798.6,346473.6,83325
340,B-25655,23-12-2012,25-12-2012,First Class,AS-100901404,OFF-AP-3367,5483,81.73,56.67,448125.59,310721.61,137403.98
341,B-25612,17-08-2013,19-08-2013,Second Class,DB-3660107,FUR-CH-5456,336,255.28,159.42,85774.08,53565.12,32208.96
342,B-25608,09-11-2013,13-11-2013,Standard Class,AS-100901402,OFF-EN-2848,3661,154.06,90.93,564013.66,332894.73,231118.93
343,B-25752,07-08-2013,08-08-2013,First Class,BG-1174018,OFF-AP-4960,5933,255.28,159.42,1514576.24,945838.86,568737.38
344,B-25700,22-06-2014,27-06-2014,Standard Class,AS-100901406,OFF-BI-6094,4655,81.73,56.67,380453.15,263798.85,116654.3
345,B-25856,03-05-2014,07-05-2014,Standard Class,AS-100901402,OFF-ST-3078,9365,651.21,524.96,6098581.65,4916250.4,1182331.25
346,B-26026,09-08-2013,11-08-2013,First Class,KB-1631578,TEC-MA-5005,6628,109.28,35.84,724307.84,237547.52,486760.32
347,B-25861,21-02-2014,22-02-2014,First Class,PK-190757,FUR-TA-3359,5046,109.28,35.84,551426.88,180848.64,370578.24
348,B-25673,18-07-2013,19-07-2013,First Class,CS-121757,TEC-AC-3402,246,109.28,35.84,26882.88,8816.64,18066.24
349,B-25681,12-09-2014,17-09-2014,Standard Class,AS-100901402,OFF-LA-6021,9890,421.89,364.69,4172492.1,3606784.1,565708
350,B-26051,09-04-2015,12-04-2015,First Class,AF-1088545,OFF-ST-6049,8670,154.06,90.93,1335700.2,788363.1,547337.1
351,B-25951,18-06-2013,20-06-2013,Second Class,SJ-2050045,FUR-TA-3343,3311,152.58,97.44,505192.38,322623.84,182568.54
352,B-25799,31-12-2014,02-01-2015,First Class,DM-1295545,TEC-CO-4590,7567,205.7,117.11,1556531.9,886171.37,670360.53
353,B-26053,03-05-2014,07-05-2014,Standard Class,AS-100901402,OFF-ST-6158,7224,81.73,56.67,590417.52,409384.08,181033.44
354,B-26030,15-01-2013,17-01-2013,First Class,CC-1261048,OFF-AP-4497,5099,9.33,6.92,47573.67,35285.08,12288.59
355,B-26054,12-06-2013,14-06-2013,First Class,BW-106533,TEC-PH-5840,6042,421.89,364.69,2549059.38,2203456.98,345602.4
356,B-25696,17-03-2015,22-03-2015,Second Class,BE-114557,TEC-CO-4568,1932,47.45,31.79,91673.4,61418.28,30255.12
357,B-25660,13-11-2013,17-11-2013,Standard Class,TG-2164014,OFF-AP-3867,6680,152.58,97.44,1019234.4,650899.2,368335.2
358,B-25858,03-05-2014,07-05-2014,Standard Class,AS-100901402,OFF-LA-3224,1228,109.28,35.84,134195.84,44011.52,90184.32
359,B-26045,17-09-2015,19-09-2015,First Class,AS-100901406,OFF-BI-3473,8551,47.45,31.79,405744.95,271836.29,133908.66
360,B-25850,16-05-2015,19-05-2015,First Class,VM-2168545,FUR-BO-5971,8652,651.21,524.96,5634268.92,4541953.92,1092315
361,B-25781,09-11-2013,13-11-2013,Standard Class,AS-100901402,OFF-BI-3473,3569,421.89,364.69,1505725.41,1301578.61,204146.8
362,B-25918,22-12-2015,24-12-2015,First Class,SC-2069539,FUR-CH-4530,2369,437.2,263.33,1035726.8,623828.77,411898.03
363,B-25971,14-09-2014,14-09-2014,Same Day,SN-2056097,TEC-PH-3148,6150,9.33,6.92,57379.5,42558,14821.5
364,B-25870,07-01-2014,13-01-2014,Standard Class,CD-122807,FUR-TA-5059,3042,47.45,31.79,144342.9,96705.18,47637.72
365,B-25770,27-06-2015,27-06-2015,Same Day,CC-1210045,TEC-CO-3595,3206,668.27,502.54,2142473.62,1611143.24,531330.38
366,B-25757,13-07-2013,16-07-2013,Second Class,BG-1103544,TEC-MA-5502,3835,421.89,364.69,1617948.15,1398586.15,219362
367,B-25699,11-02-2015,11-02-2015,Same Day,CC-125507,TEC-CO-3706,4152,152.58,97.44,633512.16,404570.88,228941.28
368,B-25776,29-05-2015,05-06-2015,Standard Class,AB-101057,TEC-CO-3609,412,421.89,364.69,173818.68,150252.28,23566.4
369,B-25893,16-04-2015,18-04-2015,Second Class,SV-2078559,OFF-ST-6049,901,109.28,35.84,98461.28,32291.84,66169.44
370,B-25985,27-11-2015,29-11-2015,First Class,HW-1493545,FUR-BO-5798,937,205.7,117.11,192740.9,109732.07,83008.83
371,B-25681,08-11-2012,10-11-2012,First Class,AS-1028558,FUR-CH-5447,7869,47.45,31.79,373384.05,250155.51,123228.54
372,B-26063,18-09-2015,18-09-2015,Same Day,LD-1685545,FUR-BO-3639,6075,651.21,524.96,3956100.75,3189132,766968.75
373,B-26032,24-02-2015,27-02-2015,First Class,NS-1850528,TEC-CO-6010,1968,152.58,97.44,300277.44,191761.92,108515.52
374,B-26001,03-09-2014,05-09-2014,First Class,CM-1271582,FUR-CH-5379,8990,437.2,263.33,3930428,2367336.7,1563091.3
375,B-26056,23-12-2014,25-12-2014,First Class,VG-2180527,FUR-BO-3641,2614,81.73,56.67,213642.22,148135.38,65506.84
376,B-25850,17-06-2015,19-06-2015,First Class,JD-606049,OFF-AP-4956,5345,47.45,31.79,253620.25,169917.55,83702.7
377,B-25767,15-03-2015,17-03-2015,Second Class,MG-17680144,FUR-CH-5378,1719,205.7,117.11,353598.3,201312.09,152286.21
378,B-25693,12-07-2015,13-07-2015,First Class,CD-1228058,FUR-BO-5763,3305,255.28,159.42,843700.4,526883.1,316817.3
379,B-25850,09-06-2015,12-06-2015,First Class,DB-13210139,TEC-MA-4206,3699,205.7,117.11,760884.3,433189.89,327694.41
380,B-25796,15-10-2015,17-10-2015,Second Class,CS-118608,OFF-ST-4057,3533,9.33,6.92,32962.89,24448.36,8514.53
381,B-26053,06-08-2015,09-08-2015,Second Class,AF-1088558,TEC-PH-3148,5467,47.45,31.79,259409.15,173795.93,85613.22
382,B-25650,25-12-2013,28-12-2013,Second Class,BN-11470130,TEC-PH-5267,9194,668.27,502.54,6144074.38,4620352.76,1523721.62
383,B-25961,07-12-2013,07-12-2013,Same Day,GG-1465045,TEC-CO-4792,6437,109.28,35.84,703435.36,230702.08,472733.28
384,B-26023,16-05-2014,20-05-2014,Second Class,EM-1406548,TEC-PH-3805,5952,81.73,56.67,486456.96,337299.84,149157.12
385,B-25809,17-06-2014,18-06-2014,First Class,BS-166560,OFF-ST-5700,8524,651.21,524.96,5550914.04,4474759.04,1076155
386,B-25621,03-11-2015,07-11-2015,Standard Class,AC-1045058,FUR-TA-4711,1971,651.21,524.96,1283534.91,1034696.16,248838.75
387,B-25854,28-05-2013,31-05-2013,First Class,CK-1220564,TEC-CO-4592,6141,668.27,502.54,4103846.07,3086098.14,1017747.93
388,B-26057,17-08-2014,20-08-2014,Second Class,JD-16150139,FUR-BO-4848,7914,437.2,263.33,3460000.8,2083993.62,1376007.18
389,B-25688,02-06-2012,04-06-2012,First Class,CC-2550137,FUR-TA-5059,6202,152.58,97.44,946301.16,604322.88,341978.28
390,B-25885,13-07-2012,14-07-2012,First Class,MS-17830139,TEC-MA-5511,6947,81.73,56.67,567778.31,393686.49,174091.82
391,B-25753,09-11-2013,13-11-2013,Standard Class,AS-100901402,OFF-PA-6535,8122,205.7,117.11,1670695.4,951167.42,719527.98
392,B-25981,16-10-2012,23-10-2012,Standard Class,GT-14710120,FUR-CH-4654,4733,437.2,263.33,2069267.6,1246340.89,822926.71
393,B-26055,13-11-2012,19-11-2012,Standard Class,CL-1270058,TEC-PH-5268,3815,154.06,90.93,587738.9,346897.95,240840.95
394,B-25714,14-07-2015,18-07-2015,Second Class,MM-1792045,TEC-PH-3805,9436,9.33,6.92,88037.88,65297.12,22740.76
395,B-26055,03-06-2015,05-06-2015,First Class,CM-1216093,FUR-BO-5762,7694,9.33,6.92,71785.02,53242.48,18542.54
396,B-25989,15-12-2015,17-12-2015,Second Class,DB-1306027,TEC-PH-5263,1720,152.58,97.44,262437.6,167596.8,94840.8
397,B-25710,28-06-2015,28-06-2015,Same Day,JW-522087,OFF-ST-5708,6674,9.33,6.92,62268.42,46184.08,16084.34
398,B-25773,20-12-2015,24-12-2015,Standard Class,BN-1147082,OFF-AP-3872,4749,109.28,35.84,518970.72,170204.16,348766.56
399,B-25661,05-02-2013,08-02-2013,First Class,JC-157757,FUR-CH-5378,169,651.21,524.96,110054.49,88718.24,21336.25
400,B-26021,21-01-2012,27-01-2012,Standard Class,HL-1504093,FUR-TA-3764,4188,651.21,524.96,2727267.48,2198532.48,528735
401,B-26057,03-08-2013,05-08-2013,First Class,LH-1690018,OFF-ST-6046,92,668.27,502.54,61480.84,46233.68,15247.16
402,B-25858,27-10-2015,31-10-2015,Second Class,DV-1304559,FUR-BO-5786,8200,437.2,263.33,3585040,2159306,1425734
403,B-25857,26-02-2013,04-03-2013,Standard Class,BT-1153058,FUR-TA-3344,858,668.27,502.54,573375.66,431179.32,142196.34
404,B-25656,11-06-2013,12-06-2013,First Class,BM-165060,TEC-PH-5269,7449,205.7,117.11,1532259.3,872352.39,659906.91
405,B-25999,23-02-2012,26-02-2012,First Class,MG-1820558,TEC-CO-4590,9382,47.45,31.79,445175.9,298253.78,146922.12
406,B-25856,21-09-2012,28-09-2012,Standard Class,AS-100901406,OFF-BI-3729,5100,152.58,97.44,778158,496944,281214
407,B-25926,20-07-2014,27-07-2014,Standard Class,FC-1424528,FUR-CH-5442,5076,651.21,524.96,3305541.96,2664696.96,640845
408,B-25728,29-03-2014,01-04-2014,Second Class,TT-2122051,FUR-BO-5968,6816,205.7,117.11,1402051.2,798221.76,603829.44
409,B-26076,23-10-2015,25-10-2015,First Class,CY-1274558,TEC-CO-4578,9856,437.2,263.33,4309043.2,2595380.48,1713662.72
410,B-25913,24-06-2015,26-06-2015,Second Class,SJ-2021582,TEC-PH-3806,762,255.28,159.42,194523.36,121478.04,73045.32
411,B-25703,30-10-2014,05-11-2014,Standard Class,PB-1880593,TEC-PH-3148,8134,109.28,35.84,888883.52,291522.56,597360.96
412,B-25858,13-12-2013,15-12-2013,First Class,BP-123022,TEC-AC-5224,7602,81.73,56.67,621311.46,430805.34,190506.12
413,B-25727,04-05-2014,06-05-2014,First Class,RW-1969027,TEC-CO-3688,6826,81.73,56.67,557888.98,386829.42,171059.56
414,B-26020,21-09-2012,28-09-2012,Standard Class,AS-100901406,OFF-AR-3285,499,109.28,35.84,54530.72,17884.16,36646.56
415,B-26003,07-09-2012,09-09-2012,Second Class,DB-3360146,FUR-TA-3442,5345,47.45,31.79,253620.25,169917.55,83702.7
416,B-25925,22-04-2013,26-04-2013,Standard Class,DK-1315048,TEC-CO-3709,5118,47.45,31.79,242849.1,162701.22,80147.88
417,B-26087,30-10-2014,04-11-2014,Second Class,RW-9540117,TEC-MA-5502,5605,421.89,364.69,2364693.45,2044087.45,320606
418,B-25810,15-04-2012,16-04-2012,First Class,PS-1904527,FUR-CH-5411,9624,651.21,524.96,6267245.04,5052215.04,1215030
419,B-25858,12-09-2014,17-09-2014,Standard Class,AS-100901402,OFF-BI-4884,2021,205.7,117.11,415719.7,236679.31,179040.39
420,B-25861,18-12-2014,22-12-2014,Standard Class,AB-101051402,OFF-BI-4345,4679,9.33,6.92,43655.07,32378.68,11276.39
421,B-25661,31-10-2015,04-11-2015,Standard Class,MO-1780066,OFF-AP-3873,1507,205.7,117.11,309989.9,176484.77,133505.13
422,B-25943,12-04-2014,14-04-2014,First Class,NF-1847527,OFF-AP-3573,3448,437.2,263.33,1507465.6,907961.84,599503.76
423,B-25955,11-11-2014,11-11-2014,Same Day,MR-1754558,TEC-CO-3683,3475,81.73,56.67,284011.75,196928.25,87083.5
424,B-26051,13-10-2013,17-10-2013,Standard Class,CB-1241548,TEC-PH-5355,1595,668.27,502.54,1065890.65,801551.3,264339.35
425,B-25999,13-10-2013,16-10-2013,Second Class,LC-1705092,FUR-CH-4531,9842,421.89,364.69,4152241.38,3589278.98,562962.4
426,B-26083,30-01-2015,03-02-2015,Standard Class,RA-1988527,FUR-CH-5380,7284,437.2,263.33,3184564.8,1918095.72,1266469.08
427,B-25950,12-10-2013,16-10-2013,Second Class,MG-814533,TEC-PH-3805,5020,421.89,364.69,2117887.8,1830743.8,287144
428,B-25625,06-06-2015,07-06-2015,First Class,AB-101051402,TEC-PH-5089,1179,81.73,56.67,96359.67,66813.93,29545.74
429,B-26055,20-11-2015,24-11-2015,Standard Class,AB-101051408,FUR-FU-2871,5923,205.7,117.11,1218361.1,693642.53,524718.57
430,B-26023,19-09-2014,23-09-2014,Standard Class,EM-1396058,OFF-AP-3580,6445,109.28,35.84,704309.6,230988.8,473320.8
431,B-26010,31-12-2013,05-01-2014,Standard Class,DJ-1342082,OFF-AP-4505,1967,437.2,263.33,859972.4,517970.11,342002.29
432,B-25955,29-12-2015,31-12-2015,Second Class,CD-1192045,FUR-TA-5064,8745,437.2,263.33,3823314,2302820.85,1520493.15
433,B-25900,15-11-2014,19-11-2014,Standard Class,BO-1142582,TEC-PH-3806,5064,47.45,31.79,240286.8,160984.56,79302.24
434,B-26089,19-12-2012,22-12-2012,First Class,AB-101051402,OFF-BI-4827,6243,205.7,117.11,1284185.1,731117.73,553067.37
435,B-25655,19-05-2015,21-05-2015,First Class,AB-101051404,TEC-PH-2879,9629,152.58,97.44,1469192.82,938249.76,530943.06
436,B-25979,08-09-2015,11-09-2015,First Class,KM-16720102,FUR-BO-3626,9604,421.89,364.69,4051831.56,3502482.76,549348.8
437,B-26002,17-06-2014,19-06-2014,First Class,SV-2078545,TEC-AC-5136,2577,154.06,90.93,397012.62,234326.61,162686.01
438,B-25635,07-12-2012,07-12-2012,Same Day,BG-1169582,FUR-CH-5773,1991,154.06,90.93,306733.46,181041.63,125691.83
439,B-26084,19-09-2015,21-09-2015,Second Class,CS-121307,FUR-BO-5761,3320,81.73,56.67,271343.6,188144.4,83199.2
440,B-25998,26-09-2014,01-10-2014,Standard Class,AB-101051404,FUR-TA-3412,9068,255.28,159.42,2314879.04,1445620.56,869258.48
441,B-25872,10-02-2015,14-02-2015,Standard Class,BD-163561,OFF-AP-4966,3773,651.21,524.96,2457015.33,1980674.08,476341.25
442,B-25795,08-02-2015,11-02-2015,First Class,RF-19345120,OFF-AP-4743,9001,152.58,97.44,1373372.58,877057.44,496315.14
443,B-25902,05-08-2014,07-08-2014,First Class,JE-1616559,FUR-BO-3642,8350,668.27,502.54,5580054.5,4196209,1383845.5
444,B-25650,15-04-2015,18-04-2015,First Class,MG-768060,FUR-BO-3641,2452,109.28,35.84,267954.56,87879.68,180074.88
445,B-25957,07-11-2013,12-11-2013,Standard Class,AB-101051402,TEC-MA-3700,3966,81.73,56.67,324141.18,224753.22,99387.96
446,B-25793,05-05-2015,07-05-2015,Second Class,CC-1247558,TEC-CO-3596,2586,668.27,502.54,1728146.22,1299568.44,428577.78
447,B-25654,04-11-2014,06-11-2014,Second Class,LT-1676564,OFF-AP-4732,34,154.06,90.93,5238.04,3091.62,2146.42
448,B-25750,10-06-2015,12-06-2015,First Class,FH-14365120,TEC-PH-3148,5066,205.7,117.11,1042076.2,593279.26,448796.94
449,B-25835,31-08-2013,02-09-2013,Second Class,BF-1097545,TEC-PH-5354,8468,47.45,31.79,401806.6,269197.72,132608.88
450,B-25652,20-06-2014,22-06-2014,Second Class,CJ-1201027,TEC-PH-3802,8058,437.2,263.33,3522957.6,2121913.14,1401044.46
451,B-26018,23-08-2015,28-08-2015,Standard Class,SH-997557,TEC-AC-5226,3683,152.58,97.44,561952.14,358871.52,203080.62
452,B-25750,28-05-2013,29-05-2013,First Class,SL-2015582,FUR-BO-4861,2224,205.7,117.11,457476.8,260452.64,197024.16
453,B-25840,19-05-2015,21-05-2015,Second Class,NC-834073,TEC-CO-6009,2592,81.73,56.67,211844.16,146888.64,64955.52
454,B-25756,29-04-2014,30-04-2014,First Class,JB-5400117,FUR-TA-4712,729,421.89,364.69,307557.81,265859.01,41698.8
455,B-25777,23-12-2014,25-12-2014,First Class,VG-2180527,FUR-BO-3642,4609,154.06,90.93,710062.54,419096.37,290966.17
456,B-25750,12-10-2015,15-10-2015,First Class,TB-2125031,FUR-TA-3760,9238,255.28,159.42,2358276.64,1472721.96,885554.68
457,B-25823,15-04-2015,17-04-2015,First Class,PS-1897028,OFF-AP-3872,1650,255.28,159.42,421212,263043,158169
458,B-26096,28-11-2015,03-12-2015,Standard Class,BB-1154548,FUR-BO-5788,5913,47.45,31.79,280571.85,187974.27,92597.58
459,B-25757,11-05-2013,13-05-2013,Second Class,SG-1047047,TEC-CO-3597,8126,205.7,117.11,1671518.2,951635.86,719882.34
460,B-25698,18-06-2014,24-06-2014,Standard Class,SP-20920130,TEC-PH-5839,1420,437.2,263.33,620824,373928.6,246895.4
461,B-25710,04-05-2013,06-05-2013,Second Class,NZ-1856558,TEC-CO-3678,954,437.2,263.33,417088.8,251216.82,165871.98
462,B-25994,10-11-2012,14-11-2012,Standard Class,Dp-1324027,TEC-PH-5354,8922,81.73,56.67,729195.06,505609.74,223585.32
463,B-25950,24-12-2015,24-12-2015,Same Day,GZ-1447064,FUR-BO-4862,9546,154.06,90.93,1470656.76,868017.78,602638.98
464,B-25653,15-05-2015,19-05-2015,Standard Class,AH-1007582,OFF-AP-4503,4083,668.27,502.54,2728546.41,2051870.82,676675.59
465,B-25785,09-12-2015,12-12-2015,First Class,CB-2025103,TEC-CO-5997,5817,651.21,524.96,3788088.57,3053692.32,734396.25
466,B-25863,06-12-2012,10-12-2012,Standard Class,SC-200507,TEC-PH-5356,5067,109.28,35.84,553721.76,181601.28,372120.48
467,B-25959,10-09-2014,15-09-2014,Second Class,AM-10705125,FUR-CH-4530,4182,9.33,6.92,39018.06,28939.44,10078.62
468,B-25991,02-03-2012,04-03-2012,Second Class,SC-102302,TEC-MA-6138,2539,109.28,35.84,277461.92,90997.76,186464.16
469,B-25680,01-01-2013,05-01-2013,Standard Class,JS-1559559,OFF-AP-4745,1553,255.28,159.42,396449.84,247579.26,148870.58
470,B-25910,30-10-2013,03-11-2013,Standard Class,BS-1138059,TEC-CO-6009,9663,81.73,56.67,789756.99,547602.21,242154.78
471,B-25737,19-11-2014,19-11-2014,Same Day,TC-21295130,OFF-AP-4505,7345,255.28,159.42,1875031.6,1170939.9,704091.7
472,B-25853,15-08-2014,17-08-2014,Second Class,JL-5130108,TEC-PH-3148,2102,109.28,35.84,229706.56,75335.68,154370.88
473,B-26097,08-06-2014,08-06-2014,Same Day,Dp-1324066,FUR-CH-4532,3472,205.7,117.11,714190.4,406605.92,307584.48
474,B-25875,02-10-2015,06-10-2015,Standard Class,NF-1838511,TEC-PH-5268,8021,651.21,524.96,5223355.41,4210704.16,1012651.25
475,B-26031,27-02-2015,03-03-2015,Standard Class,AS-10090139,OFF-AP-4745,4348,47.45,31.79,206312.6,138222.92,68089.68
476,B-25773,31-10-2014,04-11-2014,Standard Class,EL-137357,FUR-BO-4861,8083,109.28,35.84,883310.24,289694.72,593615.52
477,B-25840,18-12-2014,25-12-2014,Standard Class,FH-1427559,FUR-BO-3904,6887,152.58,97.44,1050818.46,671069.28,379749.18
478,B-25908,09-05-2015,15-05-2015,Standard Class,LT-1676558,FUR-TA-5057,5453,651.21,524.96,3551048.13,2862606.88,688441.25
479,B-26041,04-07-2015,08-07-2015,Standard Class,BN-1147027,OFF-AP-4964,504,205.7,117.11,103672.8,59023.44,44649.36
480,B-26010,17-05-2013,21-05-2013,Standard Class,BP-11230120,OFF-AP-3576,5795,255.28,159.42,1479347.6,923838.9,555508.7
481,B-25640,02-08-2012,05-08-2012,Second Class,DM-1352558,TEC-PH-5813,7112,81.73,56.67,581263.76,403037.04,178226.72
482,B-25794,20-09-2015,26-09-2015,Standard Class,AB-101051404,TEC-PH-5625,7273,109.28,35.84,794793.44,260664.32,534129.12
483,B-25987,14-02-2014,16-02-2014,Second Class,SM-1032025,OFF-ST-6033,1126,47.45,31.79,53428.7,35795.54,17633.16
484,B-25615,23-05-2013,23-05-2013,Same Day,PM-191357,FUR-BO-5971,550,668.27,502.54,367548.5,276397,91151.5
485,B-25997,04-08-2015,09-08-2015,Second Class,TS-1143085,OFF-AP-3874,9458,421.89,364.69,3990235.62,3449238.02,540997.6
486,B-25981,13-11-2014,18-11-2014,Standard Class,TS-2134018,TEC-PH-3806,8792,668.27,502.54,5875429.84,4418331.68,1457098.16
487,B-25791,12-02-2015,14-02-2015,Second Class,AM-107057,TEC-AC-4186,1525,651.21,524.96,993095.25,800564,192531.25
488,B-25986,11-11-2015,14-11-2015,First Class,LS-1724582,TEC-PH-5355,7662,437.2,263.33,3349826.4,2017634.46,1332191.94
489,B-25652,30-03-2014,01-04-2014,First Class,DR-129407,FUR-BO-5951,9239,109.28,35.84,1009637.92,331125.76,678512.16
490,B-25952,07-11-2013,12-11-2013,Standard Class,AB-101051402,OFF-ST-4281,5324,651.21,524.96,3467042.04,2794887.04,672155
491,B-25898,20-09-2015,26-09-2015,Standard Class,AB-101051404,TEC-AC-6076,7015,255.28,159.42,1790789.2,1118331.3,672457.9
492,B-25785,19-08-2014,21-08-2014,Second Class,CM-1181597,TEC-PH-5841,2442,421.89,364.69,1030255.38,890572.98,139682.4
493,B-25990,29-05-2015,31-05-2015,Second Class,FG-1426045,OFF-AP-3865,1766,81.73,56.67,144335.18,100079.22,44255.96
494,B-26091,22-08-2013,29-08-2013,Standard Class,KN-670560,OFF-AP-3579,2180,437.2,263.33,953096,574059.4,379036.6
495,B-25604,05-07-2015,05-07-2015,Same Day,TB-1152089,TEC-AC-5224,2907,109.28,35.84,317676.96,104186.88,213490.08
496,B-25754,14-03-2013,17-03-2013,First Class,GM-1444091,FUR-BO-3903,202,255.28,159.42,51566.56,32202.84,19363.72
497,B-25724,15-05-2015,15-05-2015,Same Day,AB-10523,OFF-AR-6111,2352,9.33,6.92,21944.16,16275.84,5668.32
498,B-25757,16-09-2015,18-09-2015,First Class,JB-1540051,TEC-CO-4592,4673,437.2,263.33,2043035.6,1230541.09,812494.51
499,B-25767,07-08-2015,12-08-2015,Standard Class,JS-1603097,FUR-CH-5775,4515,47.45,31.79,214236.75,143531.85,70704.9
500,,09-09-2014,09-09-2014,Same Day,AM-10705102,TEC-CO-3707,6257,152.58,97.44,954693.06,609682.08,345010.98
